{"train/grad_norm":30.61444275884086,"train_steps_per_second":0.032,"train/epoch":1,"_wandb":{"runtime":65},"_step":2,"train/learning_rate":1e-05,"train/global_step":2,"_runtime":65,"train_runtime":62.773,"total_flos":1.3097644032e+11,"train_loss":1.6414483785629272,"train/loss":1.6347,"_timestamp":1.764755052117142e+09,"train_samples_per_second":2.278}